odsCode,Status,LegalEndDate,OperationalEndDate,ParentCode,ParentWithCOV,Comment
F4X2U,Inactive,03/01/2022,03/01/2022,FD823,FD823COV,"Optum to amend current code -> parent F code, replay any failed records to NHSBSA, alert site to code change"
N9B8M,Inactive,01/12/2022,01/12/2022,FCT40,FCT40COV,"Optum to amend current code -> parent F code, replay any failed records to NHSBSA, alert site to code change"
G6J2R,Inactive,16/02/2023,16/02/2023,FEG84,FEG84COV,"Optum to amend current code -> parent F code, replay any failed records to NHSBSA, alert site to code change"
U3V8Q,Inactive,28/02/2023,28/02/2023,FCP08,FCP08COV,"Optum to amend current code -> parent F code, replay any failed records to NHSBSA, alert site to code change"
K1P8H,Inactive,28/02/2023,28/02/2023,FVJ14,FVJ14COV,"Optum to amend current code -> parent F code, replay any failed records to NHSBSA, alert site to code change"
L5U0W,Inactive,28/02/2023,28/02/2023,FYR45,FYR45COV,"Optum to amend current code -> parent F code, replay any failed records to NHSBSA, alert site to code change"
S3J6S,Inactive,31/03/2023,31/03/2023,FXE30,FXE30COV,"Optum to amend current code -> parent F code, replay any failed records to NHSBSA, alert site to code change"
B0K2C,Inactive,31/03/2023,31/03/2023,FVW04,FVW04COV,"Optum to amend current code -> parent F code, replay any failed records to NHSBSA, alert site to code change"
B2V9K,Inactive,31/03/2023,31/03/2023,FKW61,FKW61COV,"Optum to amend current code -> parent F code, replay any failed records to NHSBSA, alert site to code change"
C1Q1K,Inactive,31/03/2023,31/03/2023,FWH37,FWH37COV,"Optum to amend current code -> parent F code, replay any failed records to NHSBSA, alert site to code change"
D8I8S,Inactive,31/03/2023,31/03/2023,FPE01,FPE01COV,"Optum to amend current code -> parent F code, replay any failed records to NHSBSA, alert site to code change"
G4T3L,Inactive,31/03/2023,31/03/2023,FMN17,FMN17COV,"Optum to amend current code -> parent F code, replay any failed records to NHSBSA, alert site to code change"
K9E1Y,Inactive,31/03/2023,31/03/2023,FEG83,FEG83COV,"Optum to amend current code -> parent F code, replay any failed records to NHSBSA, alert site to code change"
O5V7X,Inactive,31/03/2023,31/03/2023,FWG91,FWG91COV,"Optum to amend current code -> parent F code, replay any failed records to NHSBSA, alert site to code change"
I3F0K,Inactive,31/03/2023,31/03/2023,FRH97,FRH97COV,"Optum to amend current code -> parent F code, replay any failed records to NHSBSA, alert site to code change"
M5M8X,Inactive,31/03/2023,31/03/2023,FQR36,FQR36COV,"Optum to amend current code -> parent F code, replay any failed records to NHSBSA, alert site to code change"
J6J4J,Inactive,31/03/2023,31/03/2023,FDA75,FDA75COV,"Optum to amend current code -> parent F code, replay any failed records to NHSBSA, alert site to code change"
J9K7H,Inactive,31/03/2023,31/03/2023,FFX78,FFX78COV,"Optum to amend current code -> parent F code, replay any failed records to NHSBSA, alert site to code change"
K0L3Z,Inactive,31/03/2023,31/03/2023,FXL08,FXL08COV,"Optum to amend current code -> parent F code, replay any failed records to NHSBSA, alert site to code change"
K4Q1G,Inactive,31/03/2023,31/03/2023,FX727,FX727COV,"Optum to amend current code -> parent F code, replay any failed records to NHSBSA, alert site to code change"
K5S2P,Inactive,31/03/2023,31/03/2023,FMF18,FMF18COV,"Optum to amend current code -> parent F code, replay any failed records to NHSBSA, alert site to code change"
K9Q8P,Inactive,31/03/2023,31/03/2023,FTD88,FTD88COV,"Optum to amend current code -> parent F code, replay any failed records to NHSBSA, alert site to code change"
C0K6Y,Inactive,31/03/2023,31/03/2023,FDT12,FDT12COV,"Optum to amend current code -> parent F code, replay any failed records to NHSBSA, alert site to code change"
L4I3Z,Inactive,31/03/2023,31/03/2023,FFH03,FFH03COV,"Optum to amend current code -> parent F code, replay any failed records to NHSBSA, alert site to code change"
C7A2P,Inactive,31/03/2023,31/03/2023,FKX92,FKX92COV,"Optum to amend current code -> parent F code, replay any failed records to NHSBSA, alert site to code change"
F9U6M,Inactive,31/03/2023,31/03/2023,FL396,FL396COV,"Optum to amend current code -> parent F code, replay any failed records to NHSBSA, alert site to code change"
I2Q7M,Inactive,31/03/2023,31/03/2023,FV086,FV086COV,"Optum to amend current code -> parent F code, replay any failed records to NHSBSA, alert site to code change"
M9N8R,Inactive,31/03/2023,31/03/2023,FRG16,FRG16COV,"Optum to amend current code -> parent F code, replay any failed records to NHSBSA, alert site to code change"
B0Z4D,Inactive,31/03/2023,31/03/2023,FGX88,FGX88COV,"Optum to amend current code -> parent F code, replay any failed records to NHSBSA, alert site to code change"
D4J2M,Inactive,31/03/2023,31/03/2023,FW353,FW353COV,"Optum to amend current code -> parent F code, replay any failed records to NHSBSA, alert site to code change"
D9T7W,Inactive,31/03/2023,31/03/2023,FC148,FC148COV,"Optum to amend current code -> parent F code, replay any failed records to NHSBSA, alert site to code change"
G9W3U,Inactive,31/03/2023,31/03/2023,FJD85,FJD85COV,"Optum to amend current code -> parent F code, replay any failed records to NHSBSA, alert site to code change"
J7D3U,Inactive,31/03/2023,31/03/2023,FXQ18,FXQ18COV,"Optum to amend current code -> parent F code, replay any failed records to NHSBSA, alert site to code change"
K5J1Y,Inactive,31/03/2023,31/03/2023,FWF47,FWF47COV,"Optum to amend current code -> parent F code, replay any failed records to NHSBSA, alert site to code change"
C6J2Y,Inactive,31/03/2023,31/03/2023,FEH43,FEH43COV,"Optum to amend current code -> parent F code, replay any failed records to NHSBSA, alert site to code change"
L7Q4T,Inactive,31/03/2023,31/03/2023,FXQ26,FXQ26COV,"Optum to amend current code -> parent F code, replay any failed records to NHSBSA, alert site to code change"
L7T1O,Inactive,31/03/2023,31/03/2023,FKH80,FKH80COV,"Optum to amend current code -> parent F code, replay any failed records to NHSBSA, alert site to code change"
L7T3B,Inactive,31/03/2023,31/03/2023,FW770,FW770COV,"Optum to amend current code -> parent F code, replay any failed records to NHSBSA, alert site to code change"
M0U1R,Inactive,31/03/2023,31/03/2023,FQF48,FQF48COV,"Optum to amend current code -> parent F code, replay any failed records to NHSBSA, alert site to code change"
L8T3X,Inactive,01/05/2023,01/05/2023,FWL05,FWL05COV,"Optum to amend current code -> parent F code, replay any failed records to NHSBSA, alert site to code change"
H1Y7X,Inactive,31/07/2023,31/01/2024,FAW81,FAW81COV,"Optum to amend current code -> parent F code, replay any failed records to NHSBSA, alert site to code change"
W1C0O,Inactive,31/07/2023,31/01/2024,FPK67,FPK67COV,"Optum to amend current code -> parent F code, replay any failed records to NHSBSA, alert site to code change"
W4E9X,Inactive,02/08/2023,02/08/2023,FWE52,FWE52COV,"Optum to amend current code -> parent F code, replay any failed records to NHSBSA, alert site to code change"
L1X5K,Inactive,31/08/2023,29/02/2024,FG856,FG856COV,"Optum to amend current code -> parent F code, replay any failed records to NHSBSA, alert site to code change"
C7J2Q,Inactive,31/08/2023,29/02/2024,FTR88,FTR88COV,"Optum to amend current code -> parent F code, replay any failed records to NHSBSA, alert site to code change"
C5K6C,Inactive,14/01/2024,14/01/2024,FF040,FF040COV,"Optum to amend current code -> parent F code, replay any failed records to NHSBSA, alert site to code change"
K6B6M,Inactive,29/01/2024,29/01/2024,FX220,FX220COV,"Optum to amend current code -> parent F code, replay any failed records to NHSBSA, alert site to code change"
E6H1X,Inactive,29/04/2024,29/04/2024,FLP47,FLP47COV,"Optum to amend current code -> parent F code, replay any failed records to NHSBSA, alert site to code change"
N1D4V,Inactive,30/04/2024,30/04/2024,FN345,FN345COV,"Optum to amend current code -> parent F code, replay any failed records to NHSBSA, alert site to code change"
D5E6R,Inactive,02/07/2024,02/07/2024,FMG89,FMG89COV,"Optum to amend current code -> parent F code, replay any failed records to NHSBSA, alert site to code change"
M7E5G,Inactive,30/07/2024,30/07/2024,FP870,FP870COV,"Optum to amend current code -> parent F code, replay any failed records to NHSBSA, alert site to code change"
V5A8R,Inactive,31/07/2024,31/01/2025,FN242,FN242COV,"Optum to amend current code -> parent F code, replay any failed records to NHSBSA, alert site to code change"
K8V1W,Inactive,31/07/2024,31/07/2024,FK506,FK506COV,"Optum to amend current code -> parent F code, replay any failed records to NHSBSA, alert site to code change"
N0S9A,Inactive,31/07/2024,31/01/2025,FT097,FT097COV,"Optum to amend current code -> parent F code, replay any failed records to NHSBSA, alert site to code change"
K9B5L,Inactive,31/07/2024,31/01/2025,FLA00,FLA00COV,"Optum to amend current code -> parent F code, replay any failed records to NHSBSA, alert site to code change"
M9M0O,Inactive,31/07/2024,31/01/2025,FT097,FT097COV,"Optum to amend current code -> parent F code, replay any failed records to NHSBSA, alert site to code change"
Z6M3T,Inactive,31/08/2024,31/08/2024,FH085,FH085COV,"Optum to amend current code -> parent F code, replay any failed records to NHSBSA, alert site to code change"
H4Q5Z,Inactive,07/10/2024,07/10/2024,FG752,FG752COV,"Optum to amend current code -> parent F code, replay any failed records to NHSBSA, alert site to code change"
L2O5Y,Inactive,31/12/2024,31/12/2024,FJ235,FJ235COV,"Optum to amend current code -> parent F code, replay any failed records to NHSBSA, alert site to code change"
Y6Y5Y,Inactive,31/01/2025,31/07/2025,FAX36,FAX36COV,"Optum to amend current code -> parent F code, replay any failed records to NHSBSA, alert site to code change"
H4G4E,Inactive,31/01/2025,31/07/2025,FP116,FP116COV,"Optum to amend current code -> parent F code, replay any failed records to NHSBSA, alert site to code change"
D5A8A,Inactive,28/02/2025,31/08/2025,FWQ54,FWQ54COV,"Optum to amend current code -> parent F code, replay any failed records to NHSBSA, alert site to code change"
J3X1V,Inactive,28/02/2025,31/08/2025,FM484,FM484COV,"Optum to amend current code -> parent F code, replay any failed records to NHSBSA, alert site to code change"
O7L6X,Inactive,28/02/2025,28/02/2025,FXK91,FXK91COV,"Optum to amend current code -> parent F code, replay any failed records to NHSBSA, alert site to code change"
K9B9R,Inactive,02/03/2025,02/03/2025,FX373,FX373COV,"Optum to amend current code -> parent F code, replay any failed records to NHSBSA, alert site to code change"
C6G8M,Inactive,02/03/2025,02/03/2025,FVH94,FVH94COV,"Optum to amend current code -> parent F code, replay any failed records to NHSBSA, alert site to code change"
H7F8G,Inactive,21/03/2025,21/03/2025,FHR10,FHR10COV,"Optum to amend current code -> parent F code, replay any failed records to NHSBSA, alert site to code change"
B9F7X,Inactive,30/03/2025,30/03/2025,FLF83,FLF83COV,"Optum to amend current code -> parent F code, replay any failed records to NHSBSA, alert site to code change"
U2W2P,Inactive,31/03/2025,30/09/2025,FPK67,FPK67COV,"Optum to amend current code -> parent F code, replay any failed records to NHSBSA, alert site to code change"
X1Q8V,Inactive,31/03/2025,30/09/2025,FVW35,FVW35COV,"Optum to amend current code -> parent F code, replay any failed records to NHSBSA, alert site to code change"
G0S8S,Inactive,31/03/2025,30/09/2025,FPK67,FPK67COV,"Optum to amend current code -> parent F code, replay any failed records to NHSBSA, alert site to code change"
Z8C7X,Inactive,30/04/2025,31/10/2025,FLM49,FLM49COV,"Optum to amend current code -> parent F code, replay any failed records to NHSBSA, alert site to code change"
D6H8A,Inactive,30/04/2025,31/10/2025,FHC68,FHC68COV,"Optum to amend current code -> parent F code, replay any failed records to NHSBSA, alert site to code change"
G5J8D,Inactive,30/04/2025,31/10/2025,FN019,FN019COV,"Optum to amend current code -> parent F code, replay any failed records to NHSBSA, alert site to code change"
E1J6N,Inactive,30/04/2025,31/10/2025,FHA20,FHA20COV,"Optum to amend current code -> parent F code, replay any failed records to NHSBSA, alert site to code change"
I8A4F,Inactive,30/04/2025,31/10/2025,FW308,FW308COV,"Optum to amend current code -> parent F code, replay any failed records to NHSBSA, alert site to code change"
L7Z4N,Inactive,30/04/2025,31/10/2025,FXQ88,FXQ88COV,"Optum to amend current code -> parent F code, replay any failed records to NHSBSA, alert site to code change"
L9U9S,Inactive,30/04/2025,31/10/2025,FC720,FC720COV,"Optum to amend current code -> parent F code, replay any failed records to NHSBSA, alert site to code change"
I2X9B,Inactive,30/04/2025,31/10/2025,FDL05,FDL05COV,"Optum to amend current code -> parent F code, replay any failed records to NHSBSA, alert site to code change"
N0D1Z,Inactive,30/04/2025,31/10/2025,FHD21,FHD21COV,"Optum to amend current code -> parent F code, replay any failed records to NHSBSA, alert site to code change"
X2J8O,Inactive,30/04/2025,31/10/2025,FD605,FD605COV,"Optum to amend current code -> parent F code, replay any failed records to NHSBSA, alert site to code change"
M7U0G,Inactive,30/04/2025,31/10/2025,FLM49,FLM49COV,"Optum to amend current code -> parent F code, replay any failed records to NHSBSA, alert site to code change"
V0O3V,Inactive,30/04/2025,31/10/2025,FGJ20,FGJ20COV,"Optum to amend current code -> parent F code, replay any failed records to NHSBSA, alert site to code change"
L1A8C,Inactive,30/04/2025,31/10/2025,FD605,FD605COV,"Optum to amend current code -> parent F code, replay any failed records to NHSBSA, alert site to code change"
D1W1V,Inactive,30/04/2025,31/10/2025,FTN03,FTN03COV,"Optum to amend current code -> parent F code, replay any failed records to NHSBSA, alert site to code change"
R3F6K,Inactive,30/04/2025,31/10/2025,FTN03,FTN03COV,"Optum to amend current code -> parent F code, replay any failed records to NHSBSA, alert site to code change"
N7E1A,Inactive,30/04/2025,31/10/2025,FTN03,FTN03COV,"Optum to amend current code -> parent F code, replay any failed records to NHSBSA, alert site to code change"
O4U5L,Inactive,30/04/2025,31/10/2025,FGR05,FGR05COV,"Optum to amend current code -> parent F code, replay any failed records to NHSBSA, alert site to code change"
A1L3V,Inactive,30/04/2025,31/10/2025,FP879,FP879COV,"Optum to amend current code -> parent F code, replay any failed records to NHSBSA, alert site to code change"
K5D3P,Inactive,30/04/2025,31/10/2025,FNG46,FNG46COV,"Optum to amend current code -> parent F code, replay any failed records to NHSBSA, alert site to code change"
C5V3V,Inactive,30/04/2025,31/10/2025,FVV97,FVV97COV,"Optum to amend current code -> parent F code, replay any failed records to NHSBSA, alert site to code change"
I3Q4Y,Inactive,30/04/2025,31/10/2025,FTN28,FTN28COV,"Optum to amend current code -> parent F code, replay any failed records to NHSBSA, alert site to code change"
M3A4C,Inactive,30/04/2025,31/10/2025,FW050,FW050COV,"Optum to amend current code -> parent F code, replay any failed records to NHSBSA, alert site to code change"
A5A8G,Inactive,30/04/2025,31/10/2025,FW308,FW308COV,"Optum to amend current code -> parent F code, replay any failed records to NHSBSA, alert site to code change"
I6P9W,Inactive,30/04/2025,31/10/2025,FKX16,FKX16COV,"Optum to amend current code -> parent F code, replay any failed records to NHSBSA, alert site to code change"
K1T7D,Inactive,30/04/2025,31/10/2025,FWA76,FWA76COV,"Optum to amend current code -> parent F code, replay any failed records to NHSBSA, alert site to code change"
D3E8T,Inactive,30/04/2025,31/10/2025,FAE39,FAE39COV,"Optum to amend current code -> parent F code, replay any failed records to NHSBSA, alert site to code change"
M2A0H,Inactive,30/04/2025,31/10/2025,FEQ98,FEQ98COV,"Optum to amend current code -> parent F code, replay any failed records to NHSBSA, alert site to code change"
L1I2Q,Inactive,30/04/2025,31/10/2025,FLM49,FLM49COV,"Optum to amend current code -> parent F code, replay any failed records to NHSBSA, alert site to code change"
X3F6Y,Inactive,30/04/2025,31/10/2025,FQL08,FQL08COV,"Optum to amend current code -> parent F code, replay any failed records to NHSBSA, alert site to code change"
L8Q5D,Inactive,30/04/2025,31/10/2025,FWA18,FWA18COV,"Optum to amend current code -> parent F code, replay any failed records to NHSBSA, alert site to code change"
M6C5E,Inactive,30/04/2025,30/04/2025,FKN08,FKN08COV,"Optum to amend current code -> parent F code, replay any failed records to NHSBSA, alert site to code change"
A1W7N,Inactive,30/04/2025,31/10/2025,FD605,FD605COV,"Optum to amend current code -> parent F code, replay any failed records to NHSBSA, alert site to code change"
E1R1B,Inactive,30/04/2025,31/10/2025,FJW26,FJW26COV,"Optum to amend current code -> parent F code, replay any failed records to NHSBSA, alert site to code change"
F0G9Z,Inactive,30/04/2025,31/10/2025,FLJ16,FLJ16COV,"Optum to amend current code -> parent F code, replay any failed records to NHSBSA, alert site to code change"
G2U0W,Inactive,30/04/2025,31/10/2025,FWD92,FWD92COV,"Optum to amend current code -> parent F code, replay any failed records to NHSBSA, alert site to code change"
T5V5C,Inactive,30/04/2025,31/10/2025,FLK60,FLK60COV,"Optum to amend current code -> parent F code, replay any failed records to NHSBSA, alert site to code change"
H8M9L,Inactive,30/04/2025,31/10/2025,FKG39,FKG39COV,"Optum to amend current code -> parent F code, replay any failed records to NHSBSA, alert site to code change"
I1C4X,Inactive,30/04/2025,31/10/2025,FLM49,FLM49COV,"Optum to amend current code -> parent F code, replay any failed records to NHSBSA, alert site to code change"
P2Q4N,Inactive,30/04/2025,31/10/2025,FNN57,FNN57COV,"Optum to amend current code -> parent F code, replay any failed records to NHSBSA, alert site to code change"
H2X8S,Inactive,30/04/2025,31/10/2025,FC898,FC898COV,"Optum to amend current code -> parent F code, replay any failed records to NHSBSA, alert site to code change"
K5L5A,Inactive,01/06/2025,01/06/2025,FLV15,FLV15COV,"Optum to amend current code -> parent F code, replay any failed records to NHSBSA, alert site to code change"
I2R0J,Inactive,02/06/2025,02/06/2025,FGR89,FGR89COV,"Optum to amend current code -> parent F code, replay any failed records to NHSBSA, alert site to code change"
X6G7F,Inactive,30/06/2025,30/06/2025,FKF86,FKF86COV,"Optum to amend current code -> parent F code, replay any failed records to NHSBSA, alert site to code change"
O0X0Z,Inactive,31/07/2025,31/01/2026,FE044,FE044COV,"Optum to amend current code -> parent F code, replay any failed records to NHSBSA, alert site to code change"
M3Q2C,Inactive,31/07/2025,31/01/2026,FKL70,FKL70COV,"Optum to amend current code -> parent F code, replay any failed records to NHSBSA, alert site to code change"
N3B9Q,Inactive,21/08/2025,21/08/2025,FLD29,FLD29COV,"Optum to amend current code -> parent F code, replay any failed records to NHSBSA, alert site to code change"
G1Y4I,Inactive,16/10/2025,16/10/2025,FTK50,FTK50COV,"Optum to amend current code -> parent F code, replay any failed records to NHSBSA, alert site to code change"
V0P7A,Inactive,30/10/2025,30/10/2025,FF600,FF600COV,"Optum to amend current code -> parent F code, replay any failed records to NHSBSA, alert site to code change"
A1J0V,Inactive,15/04/2026,15/04/2026,FR228,FR228COV,"Optum to amend current code -> parent F code, replay any failed records to NHSBSA, alert site to code change"
N2M1B,Inactive,15/04/2026,15/04/2026,FRH62,FRH62COV,"Optum to amend current code -> parent F code, replay any failed records to NHSBSA, alert site to code change"
L9J3I,Inactive,15/04/2026,15/04/2026,FQ497,FQ497COV,"Optum to amend current code -> parent F code, replay any failed records to NHSBSA, alert site to code change"
U0G3C,Inactive,15/04/2026,15/04/2026,FEP40,FEP40COV,"Optum to amend current code -> parent F code, replay any failed records to NHSBSA, alert site to code change"
P5C6L,Inactive,15/04/2026,15/04/2026,FGX27,FGX27COV,"Optum to amend current code -> parent F code, replay any failed records to NHSBSA, alert site to code change"
W3T2L,Inactive,15/04/2026,15/04/2026,FL227,FL227COV,"Optum to amend current code -> parent F code, replay any failed records to NHSBSA, alert site to code change"
H9D2I,Inactive,15/04/2026,15/04/2026,FJ506,FJ506COV,"Optum to amend current code -> parent F code, replay any failed records to NHSBSA, alert site to code change"
I2S4Y,Inactive,15/04/2026,15/04/2026,FLM49,FLM49COV,"Optum to amend current code -> parent F code, replay any failed records to NHSBSA, alert site to code change"
Y3R8W,Inactive,15/04/2026,15/04/2026,FGQ53,FGQ53COV,"Optum to amend current code -> parent F code, replay any failed records to NHSBSA, alert site to code change"
D8P5Z,Inactive,15/04/2026,15/04/2026,FK802,FK802COV,"Optum to amend current code -> parent F code, replay any failed records to NHSBSA, alert site to code change"
X4Z7F,Inactive,15/04/2026,15/04/2026,FX417,FX417COV,"Optum to amend current code -> parent F code, replay any failed records to NHSBSA, alert site to code change"
Z2W6G,Inactive,15/04/2026,15/04/2026,FGF02,FGF02COV,"Optum to amend current code -> parent F code, replay any failed records to NHSBSA, alert site to code change"
X4V1H,Inactive,15/04/2026,15/04/2026,FX074,FX074COV,"Optum to amend current code -> parent F code, replay any failed records to NHSBSA, alert site to code change"
B4N3W,Inactive,15/04/2026,15/04/2026,FD285,FD285COV,"Optum to amend current code -> parent F code, replay any failed records to NHSBSA, alert site to code change"
V7J1F,Inactive,15/04/2026,15/04/2026,FN526,FN526COV,"Optum to amend current code -> parent F code, replay any failed records to NHSBSA, alert site to code change"
W5G0Y,Inactive,15/04/2026,15/04/2026,FR798,FR798COV,"Optum to amend current code -> parent F code, replay any failed records to NHSBSA, alert site to code change"
A4O7S,Inactive,15/04/2026,15/04/2026,FDX68,FDX68COV,"Optum to amend current code -> parent F code, replay any failed records to NHSBSA, alert site to code change"
M8S3Z,Inactive,15/04/2026,15/04/2026,FGJ11,FGJ11COV,"Optum to amend current code -> parent F code, replay any failed records to NHSBSA, alert site to code change"
B1F7G,Inactive,15/04/2026,15/04/2026,FFN14,FFN14COV,"Optum to amend current code -> parent F code, replay any failed records to NHSBSA, alert site to code change"
D0J4I,Inactive,15/04/2026,15/04/2026,FCV43,FCV43COV,"Optum to amend current code -> parent F code, replay any failed records to NHSBSA, alert site to code change"
J8U8V,Inactive,15/04/2026,15/04/2026,FNN58,FNN58COV,"Optum to amend current code -> parent F code, replay any failed records to NHSBSA, alert site to code change"
V8O3Y,Inactive,15/04/2026,15/04/2026,FCV17,FCV17COV,"Optum to amend current code -> parent F code, replay any failed records to NHSBSA, alert site to code change"
A9Z0S,Inactive,15/04/2026,15/04/2026,FEF86,FEF86COV,"Optum to amend current code -> parent F code, replay any failed records to NHSBSA, alert site to code change"
O0H3K,Inactive,15/04/2026,15/04/2026,FVA74,FVA74COV,"Optum to amend current code -> parent F code, replay any failed records to NHSBSA, alert site to code change"
D7A0W,Inactive,15/04/2026,15/04/2026,FWP43,FWP43COV,"Optum to amend current code -> parent F code, replay any failed records to NHSBSA, alert site to code change"
B8E5G,Inactive,15/04/2026,15/04/2026,FDL21,FDL21COV,"Optum to amend current code -> parent F code, replay any failed records to NHSBSA, alert site to code change"
B4J2N,Inactive,15/04/2026,15/04/2026,FPM91,FPM91COV,"Optum to amend current code -> parent F code, replay any failed records to NHSBSA, alert site to code change"
C9B9L,Inactive,15/04/2026,15/04/2026,FDC47,FDC47COV,"Optum to amend current code -> parent F code, replay any failed records to NHSBSA, alert site to code change"
K7D1T,Inactive,15/04/2026,15/04/2026,FPK67,FPK67COV,"Optum to amend current code -> parent F code, replay any failed records to NHSBSA, alert site to code change"
B5J3H,Inactive,15/04/2026,15/04/2026,FXA06,FXA06COV,"Optum to amend current code -> parent F code, replay any failed records to NHSBSA, alert site to code change"
B5V2X,Inactive,15/04/2026,15/04/2026,FN608,FN608COV,"Optum to amend current code -> parent F code, replay any failed records to NHSBSA, alert site to code change"
F6W5V,Inactive,15/04/2026,15/04/2026,FLY44,FLY44COV,"Optum to amend current code -> parent F code, replay any failed records to NHSBSA, alert site to code change"
C2D7V,Inactive,15/04/2026,15/04/2026,FKX29,FKX29COV,"Optum to amend current code -> parent F code, replay any failed records to NHSBSA, alert site to code change"
E7M6G,Inactive,15/04/2026,15/04/2026,FJG92,FJG92COV,"Optum to amend current code -> parent F code, replay any failed records to NHSBSA, alert site to code change"
B3R4I,Inactive,15/04/2026,15/04/2026,FD026,FD026COV,"Optum to amend current code -> parent F code, replay any failed records to NHSBSA, alert site to code change"
K0Q1B,Inactive,15/04/2026,15/04/2026,FWA34,FWA34COV,"Optum to amend current code -> parent F code, replay any failed records to NHSBSA, alert site to code change"
I7P6O,Inactive,15/04/2026,15/04/2026,FG364,FG364COV,"Optum to amend current code -> parent F code, replay any failed records to NHSBSA, alert site to code change"
N5F6L,Inactive,15/04/2026,15/04/2026,FMW33,FMW33COV,"Optum to amend current code -> parent F code, replay any failed records to NHSBSA, alert site to code change"
C4X0E,Inactive,15/04/2026,15/04/2026,FAX79,FAX79COV,"Optum to amend current code -> parent F code, replay any failed records to NHSBSA, alert site to code change"
C5B2F,Inactive,15/04/2026,15/04/2026,FE672,FE672COV,"Optum to amend current code -> parent F code, replay any failed records to NHSBSA, alert site to code change"
B1Z2U,Inactive,15/04/2026,15/04/2026,FYH83,FYH83COV,"Optum to amend current code -> parent F code, replay any failed records to NHSBSA, alert site to code change"
B5E9V,Inactive,15/04/2026,15/04/2026,FNM74,FNM74COV,"Optum to amend current code -> parent F code, replay any failed records to NHSBSA, alert site to code change"
R4P8Y,Inactive,15/04/2026,15/04/2026,FAC55,FAC55COV,"Optum to amend current code -> parent F code, replay any failed records to NHSBSA, alert site to code change"
F8Q3R,Inactive,15/04/2026,15/04/2026,FW130,FW130COV,"Optum to amend current code -> parent F code, replay any failed records to NHSBSA, alert site to code change"
L2J0N,Inactive,15/04/2026,15/04/2026,FXQ10,FXQ10COV,"Optum to amend current code -> parent F code, replay any failed records to NHSBSA, alert site to code change"
J5D9S,Inactive,15/04/2026,15/04/2026,FG052,FG052COV,"Optum to amend current code -> parent F code, replay any failed records to NHSBSA, alert site to code change"
K6X0X,Inactive,15/04/2026,15/04/2026,FK587,FK587COV,"Optum to amend current code -> parent F code, replay any failed records to NHSBSA, alert site to code change"
W3V8Y,Inactive,15/04/2026,15/04/2026,FA240,FA240COV,"Optum to amend current code -> parent F code, replay any failed records to NHSBSA, alert site to code change"
J1A8P,Inactive,15/04/2026,15/04/2026,FJQ74,FJQ74COV,"Optum to amend current code -> parent F code, replay any failed records to NHSBSA, alert site to code change"
J7U8C,Inactive,15/04/2026,15/04/2026,FRG14,FRG14COV,"Optum to amend current code -> parent F code, replay any failed records to NHSBSA, alert site to code change"
Y3A7X,Inactive,15/04/2026,15/04/2026,FGL37,FGL37COV,"Optum to amend current code -> parent F code, replay any failed records to NHSBSA, alert site to code change"
J4Q9K,Inactive,15/04/2026,15/04/2026,FPK67,FPK67COV,"Optum to amend current code -> parent F code, replay any failed records to NHSBSA, alert site to code change"
L2B1J,Inactive,15/04/2026,15/04/2026,FT440,FT440COV,"Optum to amend current code -> parent F code, replay any failed records to NHSBSA, alert site to code change"
B2F7H,Inactive,15/04/2026,15/04/2026,FX647,FX647COV,"Optum to amend current code -> parent F code, replay any failed records to NHSBSA, alert site to code change"
C4V3Y,Inactive,15/04/2026,15/04/2026,FT700,FT700COV,"Optum to amend current code -> parent F code, replay any failed records to NHSBSA, alert site to code change"
E4X6H,Inactive,15/04/2026,15/04/2026,FPH60,FPH60COV,"Optum to amend current code -> parent F code, replay any failed records to NHSBSA, alert site to code change"
G7F1O,Inactive,15/04/2026,15/04/2026,FG334,FG334COV,"Optum to amend current code -> parent F code, replay any failed records to NHSBSA, alert site to code change"
H3O7X,Inactive,15/04/2026,15/04/2026,FAD48,FAD48COV,"Optum to amend current code -> parent F code, replay any failed records to NHSBSA, alert site to code change"
P8P2D,Inactive,15/04/2026,15/04/2026,FDQ93,FDQ93COV,"Optum to amend current code -> parent F code, replay any failed records to NHSBSA, alert site to code change"
M7U4N,Inactive,15/04/2026,15/04/2026,FHD02,FHD02COV,"Optum to amend current code -> parent F code, replay any failed records to NHSBSA, alert site to code change"
O3Y4U,Inactive,15/04/2026,15/04/2026,FP882,FP882COV,"Optum to amend current code -> parent F code, replay any failed records to NHSBSA, alert site to code change"
A6U2W,Inactive,15/04/2026,15/04/2026,FHP56,FHP56COV,"Optum to amend current code -> parent F code, replay any failed records to NHSBSA, alert site to code change"
E7V4S,Inactive,15/04/2026,15/04/2026,FLM49,FLM49COV,"Optum to amend current code -> parent F code, replay any failed records to NHSBSA, alert site to code change"
U0L9O,Inactive,15/04/2026,15/04/2026,FLM49,FLM49COV,"Optum to amend current code -> parent F code, replay any failed records to NHSBSA, alert site to code change"
B6N5U,Inactive,15/04/2026,15/04/2026,FPK67,FPK67COV,"Optum to amend current code -> parent F code, replay any failed records to NHSBSA, alert site to code change"
K6K0H,Inactive,15/04/2026,15/04/2026,FKT18,FKT18COV,"Optum to amend current code -> parent F code, replay any failed records to NHSBSA, alert site to code change"
D2E1S,Inactive,15/04/2026,15/04/2026,FD408,FD408COV,"Optum to amend current code -> parent F code, replay any failed records to NHSBSA, alert site to code change"
Q3J4J,Inactive,15/04/2026,15/04/2026,FT006,FT006COV,"Optum to amend current code -> parent F code, replay any failed records to NHSBSA, alert site to code change"
A4E9C,Inactive,15/04/2026,15/04/2026,FTC73,FTC73COV,"Optum to amend current code -> parent F code, replay any failed records to NHSBSA, alert site to code change"
B7T8X,Inactive,15/04/2026,15/04/2026,FQ369,FQ369COV,"Optum to amend current code -> parent F code, replay any failed records to NHSBSA, alert site to code change"
F5O9N,Inactive,15/04/2026,15/04/2026,FXQ91,FXQ91COV,"Optum to amend current code -> parent F code, replay any failed records to NHSBSA, alert site to code change"
E0Q2A,Inactive,15/04/2026,15/04/2026,FM083,FM083COV,"Optum to amend current code -> parent F code, replay any failed records to NHSBSA, alert site to code change"
H7C5J,Inactive,15/04/2026,15/04/2026,FPP76,FPP76COV,"Optum to amend current code -> parent F code, replay any failed records to NHSBSA, alert site to code change"
A1D2I,Inactive,15/04/2026,15/04/2026,FHR26,FHR26COV,"Optum to amend current code -> parent F code, replay any failed records to NHSBSA, alert site to code change"
I3S0E,Inactive,15/04/2026,15/04/2026,FM388,FM388COV,"Optum to amend current code -> parent F code, replay any failed records to NHSBSA, alert site to code change"
J9F4A,Inactive,15/04/2026,15/04/2026,FE127,FE127COV,"Optum to amend current code -> parent F code, replay any failed records to NHSBSA, alert site to code change"
J6J5S,Inactive,15/04/2026,15/04/2026,FKT22,FKT22COV,"Optum to amend current code -> parent F code, replay any failed records to NHSBSA, alert site to code change"
L1H4T,Inactive,15/04/2026,15/04/2026,FK091,FK091COV,"Optum to amend current code -> parent F code, replay any failed records to NHSBSA, alert site to code change"
M5Q2P,Inactive,15/04/2026,15/04/2026,FRP85,FRP85COV,"Optum to amend current code -> parent F code, replay any failed records to NHSBSA, alert site to code change"
X5W8N,Inactive,15/04/2026,15/04/2026,FCN10,FCN10COV,"Optum to amend current code -> parent F code, replay any failed records to NHSBSA, alert site to code change"
M6C2F,Inactive,15/04/2026,15/04/2026,FF240,FF240COV,"Optum to amend current code -> parent F code, replay any failed records to NHSBSA, alert site to code change"
A1S8Q,Inactive,15/04/2026,15/04/2026,FD259,FD259COV,"Optum to amend current code -> parent F code, replay any failed records to NHSBSA, alert site to code change"
Y6K3Z,Inactive,15/04/2026,15/04/2026,FXQ03,FXQ03COV,"Optum to amend current code -> parent F code, replay any failed records to NHSBSA, alert site to code change"
A9G3V,Inactive,15/04/2026,15/04/2026,FRD47,FRD47COV,"Optum to amend current code -> parent F code, replay any failed records to NHSBSA, alert site to code change"
D7B7S,Inactive,15/04/2026,15/04/2026,FPW04,FPW04COV,"Optum to amend current code -> parent F code, replay any failed records to NHSBSA, alert site to code change"
F1R5T,Inactive,15/04/2026,15/04/2026,FJX53,FJX53COV,"Optum to amend current code -> parent F code, replay any failed records to NHSBSA, alert site to code change"
E6V8H,Inactive,15/04/2026,15/04/2026,FWH99,FWH99COV,"Optum to amend current code -> parent F code, replay any failed records to NHSBSA, alert site to code change"
F3W7C,Inactive,15/04/2026,15/04/2026,FVD61,FVD61COV,"Optum to amend current code -> parent F code, replay any failed records to NHSBSA, alert site to code change"
L0C6P,Inactive,15/04/2026,15/04/2026,FK977,FK977COV,"Optum to amend current code -> parent F code, replay any failed records to NHSBSA, alert site to code change"
A2H2L,Inactive,15/04/2026,15/04/2026,FKP55,FKP55COV,"Optum to amend current code -> parent F code, replay any failed records to NHSBSA, alert site to code change"
Y2W3C,Inactive,15/04/2026,15/04/2026,FQW80,FQW80COV,"Optum to amend current code -> parent F code, replay any failed records to NHSBSA, alert site to code change"
B3F4V,Inactive,15/04/2026,15/04/2026,FP273,FP273COV,"Optum to amend current code -> parent F code, replay any failed records to NHSBSA, alert site to code change"
M4H6Z,Inactive,15/04/2026,15/04/2026,FF174,FF174COV,"Optum to amend current code -> parent F code, replay any failed records to NHSBSA, alert site to code change"
P1C2D,Inactive,15/04/2026,15/04/2026,FKJ75,FKJ75COV,"Optum to amend current code -> parent F code, replay any failed records to NHSBSA, alert site to code change"
U7I6Z,Inactive,15/04/2026,15/04/2026,FW675,FW675COV,"Optum to amend current code -> parent F code, replay any failed records to NHSBSA, alert site to code change"
A2Z8I,Inactive,15/04/2026,15/04/2026,FHM55,FHM55COV,"Optum to amend current code -> parent F code, replay any failed records to NHSBSA, alert site to code change"
H3L1Q,Inactive,15/04/2026,15/04/2026,FMR14,FMR14COV,"Optum to amend current code -> parent F code, replay any failed records to NHSBSA, alert site to code change"
T4M5V,Inactive,15/04/2026,15/04/2026,FPH02,FPH02COV,"Optum to amend current code -> parent F code, replay any failed records to NHSBSA, alert site to code change"
U7L0L,Inactive,15/04/2026,15/04/2026,FFT81,FFT81COV,"Optum to amend current code -> parent F code, replay any failed records to NHSBSA, alert site to code change"
C0V5F,Inactive,15/04/2026,15/04/2026,FAK52,FAK52COV,"Optum to amend current code -> parent F code, replay any failed records to NHSBSA, alert site to code change"
D4B8X,Inactive,15/04/2026,15/04/2026,FE480,FE480COV,"Optum to amend current code -> parent F code, replay any failed records to NHSBSA, alert site to code change"
Z8A7V,Inactive,15/04/2026,15/04/2026,FT978,FT978COV,"Optum to amend current code -> parent F code, replay any failed records to NHSBSA, alert site to code change"
M3V6R,Inactive,30/04/2026,30/04/2026,FF873,FF873COV,"Optum to amend current code -> parent F code, replay any failed records to NHSBSA, alert site to code change"
H7S1T,Active,31/01/2026,31/07/2026,FWP72,FWP72COV,"Optum to amend current code -> parent F code, replay any failed records to NHSBSA, alert site to code change"
C4A0L,Active,28/02/2026,28/08/2026,FKX29,FKX29COV,"Optum to amend current code -> parent F code, replay any failed records to NHSBSA, alert site to code change"
R9B0O,Active,28/02/2026,28/08/2026,FKX29,FKX29COV,"Optum to amend current code -> parent F code, replay any failed records to NHSBSA, alert site to code change"
G7U0R,Active,28/02/2026,28/08/2026,FKX29,FKX29COV,"Optum to amend current code -> parent F code, replay any failed records to NHSBSA, alert site to code change"
H4M7Y,Active,31/03/2026,30/09/2026,FE044,FE044COV,"Optum to amend current code -> parent F code, replay any failed records to NHSBSA, alert site to code change"
Y4R5X,Active,31/03/2026,30/09/2026,FFG07,FFG07COV,"Optum to amend current code -> parent F code, replay any failed records to NHSBSA, alert site to code change"
F0I6F,Active,31/03/2026,30/09/2026,FEL81,FEL81COV,"Optum to amend current code -> parent F code, replay any failed records to NHSBSA, alert site to code change"
D5C5V,Active,31/03/2026,30/09/2026,FKX16,FKX16COV,"Optum to amend current code -> parent F code, replay any failed records to NHSBSA, alert site to code change"
E1N2L,Active,31/03/2026,30/09/2026,FE044,FE044COV,"Optum to amend current code -> parent F code, replay any failed records to NHSBSA, alert site to code change"
H9K4G,Active,31/03/2026,30/09/2026,FQF83,FQF83COV,"Optum to amend current code -> parent F code, replay any failed records to NHSBSA, alert site to code change"
C7Z8Q,Active,31/03/2026,30/09/2026,FG334,FG334COV,"Optum to amend current code -> parent F code, replay any failed records to NHSBSA, alert site to code change"
Y9P6Q,Active,31/03/2026,30/09/2026,FRH62,FRH62COV,"Optum to amend current code -> parent F code, replay any failed records to NHSBSA, alert site to code change"
D0J6Q,Active,31/03/2026,30/09/2026,FRH62,FRH62COV,"Optum to amend current code -> parent F code, replay any failed records to NHSBSA, alert site to code change"
V9S2I,Active,31/03/2026,30/09/2026,FRH62,FRH62COV,"Optum to amend current code -> parent F code, replay any failed records to NHSBSA, alert site to code change"
I1I5H,Active,31/03/2026,30/09/2026,FRH62,FRH62COV,"Optum to amend current code -> parent F code, replay any failed records to NHSBSA, alert site to code change"
J7R2C,Active,31/03/2026,30/09/2026,FRH62,FRH62COV,"Optum to amend current code -> parent F code, replay any failed records to NHSBSA, alert site to code change"
X7Y4D,Active,31/03/2026,30/09/2026,FRH62,FRH62COV,"Optum to amend current code -> parent F code, replay any failed records to NHSBSA, alert site to code change"
L9Z5A,Active,31/03/2026,30/09/2026,FRH62,FRH62COV,"Optum to amend current code -> parent F code, replay any failed records to NHSBSA, alert site to code change"
I8V2C,Active,31/03/2026,30/09/2026,FRH62,FRH62COV,"Optum to amend current code -> parent F code, replay any failed records to NHSBSA, alert site to code change"
N0Y5Q,Active,31/03/2026,30/09/2026,FRH62,FRH62COV,"Optum to amend current code -> parent F code, replay any failed records to NHSBSA, alert site to code change"
D2K7Y,Active,31/03/2026,30/09/2026,FRH62,FRH62COV,"Optum to amend current code -> parent F code, replay any failed records to NHSBSA, alert site to code change"
F1J2U,Active,31/03/2026,30/09/2026,FX417,FX417COV,"Optum to amend current code -> parent F code, replay any failed records to NHSBSA, alert site to code change"
I6H0E,Active,31/03/2026,30/09/2026,FJJ56,FJJ56COV,"Optum to amend current code -> parent F code, replay any failed records to NHSBSA, alert site to code change"
C9C4Z,Active,31/03/2026,30/09/2026,FE044,FE044COV,"Optum to amend current code -> parent F code, replay any failed records to NHSBSA, alert site to code change"
F4F3I,Active,31/03/2026,30/09/2026,FG334,FG334COV,"Optum to amend current code -> parent F code, replay any failed records to NHSBSA, alert site to code change"
E2J0W,Active,31/03/2026,30/09/2026,FW308,FW308COV,"Optum to amend current code -> parent F code, replay any failed records to NHSBSA, alert site to code change"
E9D5K,Active,31/03/2026,30/09/2026,FCG37,FCG37COV,"Optum to amend current code -> parent F code, replay any failed records to NHSBSA, alert site to code change"
N3X6Y,Active,31/03/2026,30/09/2026,FW308,FW308COV,"Optum to amend current code -> parent F code, replay any failed records to NHSBSA, alert site to code change"
K4H7Y,Active,31/03/2026,30/09/2026,FE044,FE044COV,"Optum to amend current code -> parent F code, replay any failed records to NHSBSA, alert site to code change"
V4B3V,Active,31/03/2026,30/09/2026,FX417,FX417COV,"Optum to amend current code -> parent F code, replay any failed records to NHSBSA, alert site to code change"
M1D8O,Active,31/03/2026,30/09/2026,FE044,FE044COV,"Optum to amend current code -> parent F code, replay any failed records to NHSBSA, alert site to code change"
C0X7V,Active,31/03/2026,30/09/2026,FHF37,FHF37COV,"Optum to amend current code -> parent F code, replay any failed records to NHSBSA, alert site to code change"
E4M0R,Active,31/03/2026,30/09/2026,FDW08,FDW08COV,"Optum to amend current code -> parent F code, replay any failed records to NHSBSA, alert site to code change"
A1K6P,Active,31/03/2026,30/09/2026,FX417,FX417COV,"Optum to amend current code -> parent F code, replay any failed records to NHSBSA, alert site to code change"
C5I3V,Active,31/03/2026,30/09/2026,FX417,FX417COV,"Optum to amend current code -> parent F code, replay any failed records to NHSBSA, alert site to code change"
O8K6E,Active,31/03/2026,30/09/2026,FDH84,FDH84COV,"Optum to amend current code -> parent F code, replay any failed records to NHSBSA, alert site to code change"
L1N8B,Active,31/03/2026,30/09/2026,FHF37,FHF37COV,"Optum to amend current code -> parent F code, replay any failed records to NHSBSA, alert site to code change"
I5L2X,Active,31/03/2026,30/09/2026,FL340,FL340COV,"Optum to amend current code -> parent F code, replay any failed records to NHSBSA, alert site to code change"
X1G2J,Active,31/03/2026,30/09/2026,FK660,FK660COV,"Optum to amend current code -> parent F code, replay any failed records to NHSBSA, alert site to code change"
A7E9J,Active,31/03/2026,30/09/2026,FFT84,FFT84COV,"Optum to amend current code -> parent F code, replay any failed records to NHSBSA, alert site to code change"
M1F3B,Active,31/03/2026,30/09/2026,FX417,FX417COV,"Optum to amend current code -> parent F code, replay any failed records to NHSBSA, alert site to code change"
P4P2H,Active,31/03/2026,30/09/2026,FX417,FX417COV,"Optum to amend current code -> parent F code, replay any failed records to NHSBSA, alert site to code change"
